{
  "type": "Feature",
  "properties": {
    "title": "Moldova",
    "id": "moldova"
  },
  "geometry": {
    "type": "Polygon",
    "coordinates": [
      [
        [
          26.806640625,
          48.268569112964336
        ],
        [
          28.10302734375,
          47.010225655683485
        ],
        [
          28.30078125,
          46.36209301204985
        ],
        [
          28.125,
          46.057985244793024
        ],
        [
          28.41064453125,
          45.38301927899065
        ],
        [
          28.6962890625,
          45.30580259943578
        ],
        [
          28.6083984375,
          45.79816953017263
        ],
        [
          28.98193359375,
          46.11894150610705
        ],
        [
          28.93798828125,
          46.45299704748289
        ],
        [
          29.24560546875,
          46.604167162931844
        ],
        [
          29.50927734375,
          46.4378568950242
        ],
        [
          30.16845703125,
          46.40756396630067
        ],
        [
          30.0146484375,
          46.76996843356982
        ],
        [
          29.59716796875,
          46.99524110694593
        ],
        [
          29.46533203125,
          47.368594345213374
        ],
        [
          29.1357421875,
          47.42808726171425
        ],
        [
          29.15771484375,
          47.916342040161155
        ],
        [
          28.564453125,
          48.09275716032735
        ],
        [
          27.6416015625,
          48.4146186174932
        ],
        [
          26.806640625,
          48.268569112964336
        ]
      ]
    ]
  }
}