{
  "type": "Feature",
  "properties": {
    "title": "Statfjord oil field",
    "id": "statfjord-oil-field"
  },
  "geometry": {
    "type": "Polygon",
    "coordinates": [
      [
        [
          0.7470703125,
          61.67326022425887
        ],
        [
          0.3076171875,
          61.16874196892992
        ],
        [
          0.791015625,
          60.46161886491695
        ],
        [
          1.9775390625,
          60.612922303001774
        ],
        [
          2.63671875,
          61.23225338792972
        ],
        [
          2.4609375,
          61.69410519636017
        ],
        [
          0.7470703125,
          61.67326022425887
        ]
      ]
    ]
  }
}